ALPHA0;BETA0;GAMMA0;DELTA0;THETA0;ALPHA1;BETA1;GAMMA1;DELTA1;THETA1;ALPHA2;BETA2;GAMMA2;DELTA2;THETA2;ALPHA3;BETA3;GAMMA3;DELTA3;THETA3;ALPHA4;BETA4;GAMMA4;DELTA4;THETA4;ALPHA5;BETA5;GAMMA5;DELTA5;THETA5;ALPHA6;BETA6;GAMMA6;DELTA6;THETA6;ALPHA7;BETA7;GAMMA7;DELTA7;THETA7;ALPHA8;BETA8;GAMMA8;DELTA8;THETA8;ALPHA9;BETA9;GAMMA9;DELTA9;THETA9;ALPHA10;BETA10;GAMMA10;DELTA10;THETA10;ALPHA11;BETA11;GAMMA11;DELTA11;THETA11;ALPHA12;BETA12;GAMMA12;DELTA12;THETA12;ALPHA13;BETA13;GAMMA13;DELTA13;THETA13;ALPHA14;BETA14;GAMMA14;DELTA14;THETA14;ALPHA15;BETA15;GAMMA15;DELTA15;THETA15;ACTION
1.370029487;0.248926853;2.08544245;0;0.583750703;1.098740424;0.154726788;11.9043054;0;0.137719788;1.568043871;0.290498508;8.041564692;0;0.030781877;1.29101958;0.085707664;5.594452485;0;0.172975918;0.958167537;0.632370767;0.104891574;0;0.140716997;1.473537598;0.354744179;3.240296783;0;0.062674158;0.852010534;0.32935102;3.588080236;0;0.107054994;0.874022261;0.3856904;11.45349943;0;0.23862566;1.931578185;0.136115543;8.015797757;0;0.181288495;1.219870275;0.132331073;8.651711378;0;0.268597163;1.137570425;0.386962989;0.836861122;0;0.517690515;1.87551586;0.272618776;8.744118805;0;0.050994281;0.844514564;0.132564489;6.52943988;0;0.145248857;1.077834939;0.037374851;4.002503752;0;0.000155943;1.21111329;0.374464393;3.496786626;0;0.536785131;1.696726848;0.046719428;5.365372527;0;0.494368231;1
0.764343234;0.134365925;0.704735853;0;0.254747232;1.080649295;0.102522442;11.67986464;0;0.375568396;0.940510747;0.423252612;2.702442933;0;0.141252987;1.301526812;0.183740127;3.417424438;0;0.479602927;0.895733907;0.487594897;2.373393338;0;0.265184328;1.929150562;0.030243265;3.229190456;0;0.566713157;1.18862415;0.67862175;3.067093573;0;0.394653498;1.580963883;0.024358747;7.462218118;0;0.097983106;1.788311447;0.020402248;8.779616465;0;0.536740797;1.491370297;0.262390876;10.80196124;0;0.19639187;1.978473425;0.162638584;11.92213377;0;0.097810798;1.352982666;0.061797524;3.475552976;0;0.288555352;1.046211662;0.04507024;7.702958572;0;0.52833157;0.976278471;0.644172219;10.23221098;0;0.339346641;0.892732538;0.487084245;1.643647805;0;0.185193943;1.255892095;0.136562924;1.922312809;0;0.030053651;1
1.288557871;0.340763044;9.181494854;0;0.50360707;1.067623526;0.39223403;0.443374215;0;0.294729868;0.838863869;0.148737214;5.017023584;0;0.348879615;1.504164338;0.188333193;8.253062141;0;0.228060588;1.33018547;0.072244071;10.19387236;0;0.123241227;1.590848901;0.035310376;3.890695564;0;0.158675883;1.40327311;0.134590785;10.40158844;0;0.17427719;1.779273518;0.538975341;5.401104808;0;0.445752859;1.343376171;0.174665982;6.930619801;0;0.563129498;1.092151344;0.270636367;4.810193103;0;0.172379128;1.733167467;0.591034528;4.345380871;0;0.528729997;0.736427699;0.612974391;4.22562688;0;0.211602569;1.090333337;0.0500088;9.185122098;0;0.416825777;1.490700917;0.274701371;5.019737464;0;0.059848715;0.883511635;0.263606025;9.854470667;0;0.20509425;1.994933509;0.4974961;3.171865871;0;0.307187299;1
0.743296389;0.582218359;0.278062681;0;0.593129113;1.614706645;0.628843105;9.804822614;0;0.140179874;1.733646619;0.330657851;2.286917678;0;0.211301783;1.406292145;0.247448225;8.026058769;0;0.310928464;1.103514167;0.100419626;11.77650756;0;0.125245129;1.873002291;0.386515338;1.681984549;0;0.236981433;1.846850954;0.368806956;5.337316847;0;0.031775056;1.830036372;0.3396517;6.075647982;0;0.059926809;1.757330855;0.266559754;8.506948622;0;0.03087061;1.548732964;0.477392604;2.525892828;0;0.057969933;1.253478664;0.68110599;1.382648336;0;0.503120354;1.924700612;0.184989501;9.63682549;0;0.178362234;0.827333054;0.439406773;11.20234267;0;0.253557519;1.709612723;0.412723658;2.652635831;0;0.25587428;1.843339609;0.269867531;5.254733063;0;0.43994535;0.982235921;0.194040216;1.012099501;0;0.173964401;1
1.685087261;0.270372069;5.834769725;0;0.567211087;0.813333672;0.075407259;11.00868676;0;0.496088261;1.18836795;0.45308062;3.227970595;0;0.534762033;1.145146076;0.26608056;11.95091384;0;0.320675569;1.115324993;0.644734415;9.27523058;0;0.04459169;1.375995452;0.043794953;9.671754819;0;0.339418781;1.692040507;0.558137675;1.972538938;0;0.464137139;1.920209278;0.474518896;10.42275422;0;0.180699128;1.856834411;0.438833504;4.75406057;0;0.044775697;0.825248498;0.317407665;4.248553457;0;0.058884005;1.315792664;0.591647106;3.589389672;0;0.21815538;1.504838364;0.313868945;9.013985807;0;0.065883164;0.981781419;0.658122895;11.38392414;0;0.359302201;1.022959441;0.476208289;5.690073378;0;0.592261854;0.814331257;0.131023834;1.667208832;0;0.560838114;1.426499978;0.647511138;1.770937674;0;0.531258703;1
1.090893118;0.679228099;4.787388786;0;0.30251609;1.4194858;0.374947848;0.805384532;0;0.474298044;1.873349631;0.056332072;2.070151266;0;0.155810341;1.374644146;0.181916409;1.397014766;0;0.0170172;0.986987854;0.189660387;9.10241451;0;0.126185079;0.862686748;0.444371364;10.77886881;0;0.311001665;0.928168654;0.344793535;1.817946685;0;0.364491029;1.048984526;0.354782179;8.171181413;0;0.317706441;0.922992316;0.377200974;9.145787367;0;0.088661798;1.834079076;0.41360546;3.616507814;0;0.021984151;0.703540054;0.406985592;10.65157749;0;0.042575328;1.408161007;0.263347776;11.07338231;0;0.488254268;1.543161107;0.138909277;8.692322385;0;0.318503221;1.645758879;0.151149961;11.88434106;0;0.051014094;1.197563867;0.433184111;8.99709161;0;0.339861926;1.370525963;0.557740178;0.592858058;0;0.162789335;1
1.721914921;0.33669986;7.505201747;0;0.105822725;1.985885366;0.000597393;3.458214491;0;0.051509551;1.206306482;0.528818224;9.922400894;0;0.543797604;1.665792326;0.205200753;6.854779111;0;0.147469828;1.422327693;0.602940615;9.127816941;0;0.131142207;1.637154928;0.305939425;1.163192268;0;0.473355284;1.059658382;0.400372089;8.685615064;0;0.55623606;1.084917268;0.257616939;6.181634216;0;0.418604788;1.047033992;0.232772769;8.410291779;0;0.136381988;1.18268417;0.421534628;10.69157237;0;0.139435635;1.85060541;0.416212697;5.997054897;0;0.175738807;1.154422442;0.170017208;11.9387322;0;0.343724737;0.810410116;0.127089991;0.09235075;0;0.260041469;1.868045688;0.079796854;1.092129561;0;0.021934464;1.786192727;0.460325095;1.55701845;0;0.507412559;0.759477727;0.548627715;8.337846674;0;0.216422806;1
1.149324191;0.038752316;10.27180596;0;0.020760592;1.213746964;0.441742217;9.083985964;0;0.40961148;1.750180741;0.111213681;5.107472986;0;0.521127163;1.457893211;0.621210761;5.38692808;0;0.091638919;1.018493949;0.03002124;4.135328027;0;0.362493199;1.781695777;0.258307785;8.695583204;0;0.466824939;1.60320866;0.558879224;7.231520713;0;0.47033254;1.891460139;0.590525552;11.54975221;0;0.583461103;0.913425541;0.195234776;5.022375827;0;0.022767091;0.74342202;0.238110302;5.742630087;0;0.133336684;1.594744055;0.332127713;4.926165059;0;0.213107997;0.975826705;0.106523038;3.267189443;0;0.554339536;1.8267393;0.512968089;2.368533851;0;0.543720233;1.980681123;0.438150572;9.246723777;0;0.478654841;1.921332625;0.63025801;9.636041222;0;0.587162637;0.824425061;0.177019568;10.85042378;0;0.599927437;1
1.997579395;0.365079335;1.673627771;0;0.555312739;1.029604467;0.051819718;11.59955189;0;0.238207237;1.332199397;0.23940308;10.82814104;0;0.373905788;1.558387436;0.537929209;5.23909543;0;0.014540618;1.019120444;0.357820102;8.259327378;0;0.052467453;1.485469343;0.558236549;6.572431235;0;0.380791187;1.813619348;0.206531182;10.26010509;0;0.089099045;1.751505825;0.608900327;7.299995524;0;0.267887421;1.394755972;0.673958007;6.9658665;0;0.525216724;0.858337668;0.603966762;0.596755167;0;0.190087066;1.91437141;0.692786323;6.663324863;0;0.286778801;0.810073891;0.128736109;1.205623603;0;0.531282232;1.950968139;0.208321501;11.00084433;0;0.19257459;1.514509915;0.08941742;11.80299313;0;0.395362962;1.018665477;0.290427349;2.354498277;0;0.057518252;1.520821384;0.6507797;9.046265126;0;0.296224821;1
1.630702112;0.441738229;7.209516804;0;0.364280161;0.858722751;0.582404004;8.997345987;0;0.497817831;1.538818417;0.261424126;8.386238058;0;0.351635573;1.370648125;0.637633052;1.746332411;0;0.254972608;1.451493768;0.256043022;3.455287042;0;0.068214335;1.450069261;0.20595473;8.104465356;0;0.133196579;1.668193973;0.125192072;9.04216117;0;0.269571048;1.773383945;0.577284054;2.462684544;0;0.284941976;1.189031093;0.445708135;11.43956561;0;0.23207528;1.894845804;0.142706552;6.142433115;0;0.092172186;1.654457344;0.492849928;6.880570781;0;0.190979347;1.518003696;0.24569955;11.39948455;0;0.024614139;1.064536808;0.669610298;7.009570916;0;0.110930337;1.257754384;0.300390962;4.248095481;0;0.549848939;0.731375318;0.588401359;6.415369675;0;0.591180138;0.820871664;0.645213966;0.954166404;0;0.467540864;1
1.316381464;0.553950325;3.459377761;0;0.469645684;0.880948024;0.192252549;0.02386096;0;0.326628106;1.149686384;0.370308475;0.237191941;0;0.466147406;1.570749157;0.450009419;11.30223837;0;0.459114552;1.058923134;0.31144086;5.594642431;0;0.202061858;1.235863466;0.108419569;11.8149042;0;0.303287448;1.15396728;0.236813768;2.264573946;0;0.530656499;1.073818916;0.183022452;3.266717564;0;0.430288926;1.111262142;0.197054434;3.75247639;0;0.116680526;1.021421734;0.520212145;3.299851677;0;0.026126281;1.553044812;0.300985091;5.886127308;0;0.406185508;0.76953446;0.122053815;3.745303074;0;0.46941766;0.704821808;0.545600898;9.227793826;0;0.538692167;1.731511884;0.534155289;3.892151056;0;0.16305143;1.393258044;0.287783299;11.14974281;0;0.161071646;1.908254871;0.15585326;7.905513245;0;0.535126057;1
1.999701261;0.361050203;1.137111772;0;0.288477627;1.45677723;0.420705958;0.490289085;0;0.416062483;1.055414754;0.529147483;1.393366735;0;0.304708656;1.151895724;0.105635723;7.075425998;0;0.478402912;0.70092177;0.081922579;1.946681549;0;0.559190764;0.99477525;0.465164425;3.653148934;0;0.5217929;1.821468775;0.225744704;10.87237199;0;0.199990313;1.273248794;0.13210804;8.901972271;0;0.48368546;1.556342725;0.379085995;3.397144865;0;0.271138051;1.184303137;0.389036156;4.188427703;0;0.570535681;0.743238129;0.068122545;1.360339368;0;0.372559894;0.9152911;0.121989926;1.252469146;0;0.091255093;1.661791587;0.243650844;2.526637807;0;0.423570132;1.929563147;0.509756459;10.05454822;0;0.133812456;1.488858075;0.027824819;2.19878899;0;0.267257748;1.830521117;0.204720353;7.364323691;0;0.555532986;1
0.952665754;0.107007899;6.664978455;0;0.127435253;1.941435964;0.137308496;3.733309518;0;0.22686777;1.791275209;0.438058333;5.957545362;0;0.39457403;1.357594732;0.272722994;7.611342589;0;0.526670646;1.511035256;0.555189668;1.986485437;0;0.16957273;1.192959669;0.100129412;4.89124996;0;0.211834693;1.081709603;0.5828307;2.336441412;0;0.446360903;1.911021339;0.677128417;9.483695531;0;0.201155872;0.73423638;0.466516418;3.696903107;0;0.344079652;1.874056337;0.472906529;2.422872624;0;0.338355319;1.200958836;0.020209929;4.596917745;0;0.338698854;0.731403354;0.249413441;10.23830347;0;0.165538996;0.77286665;0.45967142;1.805452967;0;0.370370138;1.824637853;0.189045428;3.840070404;0;0.430945856;1.001766654;0.136757912;3.24493284;0;0.392658149;1.143686355;0.436139668;7.153140361;0;0.299619524;1
0.784514901;0.369853892;1.749680837;0;0.120399666;1.946272489;0.506604693;1.097814975;0;0.290826927;1.964788025;0.239066865;10.11002847;0;0.345535096;1.939531595;0.644904794;8.035719359;0;0.293876501;1.709723189;0.430370551;2.129960671;0;0.432545333;1.886188915;0.652691365;3.721659628;0;0.371605179;1.003093093;0.53816907;2.798757579;0;0.579257992;1.41480108;0.310701179;9.814043505;0;0.527021682;1.71896981;0.095855053;4.091169498;0;0.375324711;1.540228806;0.074840544;6.329447273;0;0.121749818;1.714807231;0.050175095;0.874074439;0;0.001332859;1.701981777;0.203106984;3.962427708;0;0.567526564;1.87660457;0.135265848;7.519820791;0;0.493657728;0.768519246;0.602311907;9.312744421;0;0.167311455;0.989055501;0.619120766;6.970657657;0;0.372453258;1.367281467;0.269388342;1.304170374;0;0.115778179;1
1.741807489;0.207636782;2.927710916;0;0.454320522;0.769465605;0.460866698;9.133432065;0;0.463123901;1.637638243;0.624121856;9.862727679;0;0.118330526;1.91721506;0.138041651;0.641772183;0;0.378213362;1.991320273;0.043439912;9.505596988;0;0.294864148;1.983254273;0.327823474;3.817033327;0;0.114247487;1.450211357;0.236898389;4.147801375;0;0.342152976;1.024444375;0.698547023;11.82867077;0;0.2748124;1.403358205;0.490196353;3.895373034;0;0.115247617;0.977103012;0.258911618;9.267364515;0;0.507635375;1.757115628;0.52480006;7.736883076;0;0.293115796;1.665156127;0.365248378;3.322843063;0;0.527954034;0.930418221;0.315309166;10.21888946;0;0.099401077;1.638328347;0.306473123;11.79839098;0;0.286819413;1.533730285;0.145840013;10.05369278;0;0.164153692;1.244632521;0.56115883;10.20128095;0;0.589512724;1
1.096764717;0.191757271;5.999355472;0;0.431583794;0.857205903;0.351779832;4.636689797;0;0.15783964;1.062412117;0.008961144;11.53917312;0;0.293596298;1.376707299;0.680667037;1.176816156;0;0.508807889;1.167816221;0.573830599;5.058833171;0;0.125804434;1.203165321;0.518133069;9.400451992;0;0.417274169;0.733137355;0.430321367;2.502460987;0;0.567750242;1.96551897;0.400092858;1.534007263;0;0.075149742;1.083188349;0.678480879;9.182879577;0;0.243050876;1.938534321;0.301897151;11.3083018;0;0.443496023;1.718268361;0.280294068;8.695637632;0;0.485099548;0.975753669;0.501375057;7.292330175;0;0.327307819;1.31377251;0.549894483;9.100893185;0;0.387684598;0.956621407;0.185955634;4.1574525;0;0.417506961;1.694586868;0.031323169;0.229228142;0;0.050340838;1.441505533;0.516212067;0.415805221;0;0.239001149;1
1.031601774;0.21735061;11.83065347;0;0.565435386;1.43631938;0.386488382;0.903052295;0;0.55311428;0.993649195;0.334426118;6.531024957;0;0.464503145;1.832520639;0.644352686;11.20703459;0;0.549202335;1.214608566;0.588386489;10.2464379;0;0.356228248;1.397497711;0.316483516;6.382556439;0;0.139727794;0.89160104;0.517545172;3.523087086;0;0.464820846;1.969825588;0.182931662;1.455780235;0;0.00857615;1.551660848;0.128252185;3.525244808;0;0.280275348;1.981651369;0.596718454;9.128099361;0;0.137179127;1.419712835;0.605518987;10.08644014;0;0.182046428;0.797677802;0.510475047;4.809876342;0;0.322724525;1.042452131;0.36914951;6.025593408;0;0.252613392;1.779902362;0.126456321;9.315518831;0;0.166386088;1.548729588;0.354969708;3.187978272;0;0.099005499;1.407203766;0.196550406;3.950964207;0;0.37564098;1
0.762119583;0.343601727;11.78221176;0;0.538057947;0.8575257;0.521484129;11.29031994;0;0.103876745;1.816328837;0.503341543;4.843904436;0;0.520684646;1.103705223;0.289684393;1.300941879;0;0.015780638;1.108628321;0.360748705;1.416951686;0;0.098662372;0.717518783;0.275870169;1.165404791;0;0.140352447;1.192484445;0.347693713;9.647735241;0;0.246943342;0.7506337;0.634380629;0.116443911;0;0.331259153;1.255274144;0.275183337;4.950639449;0;0.161187666;1.827616219;0.359645931;11.11930847;0;0.457981527;1.285967997;0.417945103;5.40236145;0;0.186813783;0.847079297;0.0265946;10.58368925;0;0.210153539;0.981801008;0.236324559;5.012876627;0;0.420790528;0.852266054;0.265564733;3.965313318;0;0.00532375;1.054711638;0.685461256;1.28548624;0;0.283019519;0.861963335;0.085552274;4.20835831;0;0.47317475;1
1.486297869;0.416141053;11.36660892;0;0.419755107;1.879610091;0.053417346;3.549787357;0;0.272232226;1.636861402;0.293963379;3.440295917;0;0.066732317;1.907808396;0.085787393;10.0227265;0;0.097452664;1.489401061;0.31882373;0.792170864;0;0.328434893;1.551899255;0.069220467;2.654524528;0;0.255008228;1.52924936;0.136616311;4.947786887;0;0.351695631;1.180004786;0.211802141;6.110211319;0;0.012380697;0.883660536;0.555104606;6.319082468;0;0.292292641;1.406959489;0.134447679;6.840981245;0;0.178655833;1.78088166;0.354503889;3.184955972;0;0.058234749;1.335390717;0.36788275;2.421214305;0;0.498929968;1.956210908;0.125609773;6.686015363;0;0.242930112;1.449019619;0.69795706;3.030038199;0;0.368452991;0.950318438;0.214099715;7.619407104;0;0.440254238;1.119174434;0.36446262;3.454471315;0;0.212432663;1
0.732141121;0.256207646;11.74113367;0;0.444665525;1.75721959;0.674552483;6.934255189;0;0.113936069;1.452077453;0.471952225;11.82322231;0;0.410715804;1.871930352;0.524716756;11.79935668;0;0.04135215;1.934343431;0.537025948;11.05650723;0;0.336376624;1.507620601;0.121169525;7.804501421;0;0.411247982;1.39539067;0.239733567;0.098715731;0;0.348663004;0.886606552;0.184450119;9.705604549;0;0.448943546;1.616806172;0.689310844;3.544069152;0;0.152424345;1.811114748;0.607090911;7.493902539;0;0.065940636;1.408250155;0.355733729;4.896834234;0;0.330918623;1.801278492;0.221321243;2.16585126;0;0.576261055;1.298920675;0.452167696;6.766877088;0;0.445789817;1.700064606;0.295656179;8.917246611;0;0.423110757;1.961651893;0.097138348;6.386615103;0;0.510057819;1.571509074;0.268076828;6.552737845;0;0.181477948;1
0.945615292;0.411164562;7.14778143;0;0.538407699;0.829449886;0.071289581;9.613283595;0;0.364236933;0.829749086;0.471687534;6.412742048;0;0.406831712;0.803239661;0.225969237;9.743404725;0;0.206117831;1.133778901;0.689085219;5.313284586;0;0.327839397;1.309973978;0.351933951;7.36011193;0;0.070550735;1.689317758;0.030593727;1.034130961;0;0.410188635;1.135685059;0.346225727;7.763856408;0;0.513038258;1.109418389;0.548321229;10.86192861;0;0.577788483;0.874113422;0.349796461;8.619607027;0;0.595308475;1.819029401;0.15075935;3.329712651;0;0.034486167;1.186110304;0.66704216;8.700745601;0;0.30826654;1.071919841;0.093148037;7.950780977;0;0.524691605;1.099780213;0.578517572;11.89925007;0;0.081490059;1.011383929;0.25844192;0.799597884;0;0.212248317;1.159057495;0.262790513;3.582367926;0;0.32171088;1
1.527573075;0.036441066;8.59242387;0;0.237993287;1.150208018;0.298482617;1.65669028;0;0.105823498;1.243688183;0.592691078;0.28767071;0;0.365048418;1.207248942;0.052468483;0.55512093;0;0.415455133;1.83916165;0.607276777;2.06362566;0;0.283671327;1.252005412;0.055599323;0.679289819;0;0.21488497;1.594118362;0.003703173;3.151368104;0;0.174887186;1.858998472;0.525546187;6.120101196;0;0.511311325;0.945801979;0.426000601;11.14427035;0;0.125221857;1.919242335;0.382436151;9.848919086;0;0.310389967;1.95987062;0.641969696;6.283729464;0;0.54596552;1.276633555;0.162207853;7.598568411;0;0.551489396;1.539905769;0.057476286;3.63701258;0;0.447980248;1.964220377;0.013338512;2.708186528;0;0.14204999;1.679741647;0.103025869;4.584887695;0;0.096810921;0.723324398;0.606411479;4.997384199;0;0.447010335;1
1.42752903;0.588943047;7.245614757;0;0.094291199;1.100106709;0.140841857;7.880589372;0;0.599800175;1.960564711;0.365996435;1.116930331;0;0.332735159;0.815889378;0.05751362;6.071846865;0;0.338296494;1.526116997;0.143160026;11.21827866;0;0.265941295;1.727634313;0.39765548;5.117782861;0;0.577967445;1.885793728;0.147642345;0.935365788;0;0.32241572;1.909154261;0.435775259;7.446107517;0;0.3724797;1.29107949;0.272641662;9.158659742;0;0.356424774;1.911233407;0.691205989;6.629664201;0;0.296123514;1.711287303;0.239142079;0.73828613;0;0.353313869;1.163037277;0.514087667;1.409963619;0;0.270994012;1.412623488;0.557951114;8.764210643;0;0.592524263;1.347032139;0.146658338;2.574066183;0;0.062312342;1.064843785;0.489038787;11.65013855;0;0.111512992;1.636179288;0.131601905;9.124532971;0;0.445410581;1
1.995730267;0.699618538;2.438980499;0;0.234443067;1.244335307;0.347620989;7.359054329;0;0.196200331;1.145599424;0.257030334;5.393446492;0;0.037008749;0.829410407;0.117986982;7.259916424;0;0.007674723;1.712690492;0.051694137;4.236299535;0;0.130521675;1.12370786;0.261714071;4.704883221;0;0.075881528;1.807865947;0.444877588;2.857924856;0;0.549253643;1.074929227;0.23910262;5.712988203;0;0.357187637;0.746168975;0.666731391;7.380822518;0;0.11808769;1.012794154;0.188861508;9.817628569;0;0.566064972;0.93230684;0.097680043;5.572002227;0;0.17252454;1.655869372;0.421799391;6.552991164;0;0.385684604;1.218530744;0.219239393;10.60490334;0;0.131821849;1.658569996;0.655982828;2.440701745;0;0.284693293;1.469403594;0.387023999;2.844691672;0;0.585039253;0.945720238;0.33867412;4.053067248;0;0.006765998;1
1.86563087;0.291375123;2.37141318;0;0.481502959;0.888785964;0.370554268;1.066958681;0;0.509275287;0.897981246;0.454658932;6.417615838;0;0.187814731;1.647863816;0.599882811;9.449936312;0;0.295548201;1.290784152;0.165821552;1.91085782;0;0.401923118;1.86206844;0.267438789;9.099543875;0;0.390072354;1.119940798;0.038118561;4.709065491;0;0.299841319;0.770599926;0.406118767;5.050293641;0;0.000338761;1.145405292;0.579247641;2.247226329;0;0.442929408;0.931773645;0.622954796;10.7819624;0;0.11597739;0.788871752;0.204368498;11.29397226;0;0.224757717;1.13712059;0.38057497;0.020371898;0;0.407004634;1.749750513;0.421430932;10.51354771;0;0.13443958;1.430339151;0.156052248;5.472419902;0;0.08891674;1.159863604;0.24856803;10.39774035;0;0.251860456;0.97518397;0.083861062;9.304106988;0;0.212359692;1
1.333643633;0.597397978;2.775154673;0;0.249572679;1.63684186;0.213418582;8.172875067;0;0.248575121;0.837470414;0.549238569;2.036021005;0;0.473639556;1.772299557;0.075559771;0.231287359;0;0.171293487;1.56603789;0.606371824;5.111864634;0;0.423449813;1.008226837;0.161566307;6.880807244;0;0.45073823;1.59844898;0.551101129;0.1840612;0;0.503678993;1.382723673;0.668117039;2.467802285;0;0.330021509;1.828236506;0.303655882;1.374957124;0;0.04335002;1.994101132;0.679590429;7.677775645;0;0.256832239;1.89546833;0.061063457;0.854862075;0;0.29435944;1.339029783;0.359780531;4.263037377;0;0.444640122;0.919337958;0.503236582;8.500463297;0;0.385676268;1.138522234;0.011420687;0.963209683;0;0.148601232;0.925393058;0.40978537;0.276786675;0;0.478571742;1.511973342;0.084217258;11.99075498;0;0.248376786;1
0.769275068;0.46765723;2.417133504;0;0.429339404;1.082753591;0.317009312;5.635270109;0;0.318185927;1.172483783;0.3032111;1.652732867;0;0.432185038;1.986743819;0.427272108;10.24965075;0;0.455072394;0.729052488;0.058008099;0.753585206;0;0.457222731;0.8025936;0.228776875;11.35406378;0;0.142765936;1.518606563;0.030539357;6.18560237;0;0.557302085;1.924848583;0.693170943;9.158699334;0;0.499340071;1.850798312;0.317619508;0.696647438;0;0.440346163;1.865773543;0.356400524;7.577507855;0;0.450765629;1.051845324;0.035424931;6.362984561;0;0.043152616;1.405137065;0.513421011;7.247926709;0;0.592701802;1.631006842;0.161711828;2.504906632;0;0.311830818;0.996628596;0.0778888;4.573610968;0;0.458149891;1.12940027;0.662224014;9.683281701;0;0.095456418;1.497170421;0.144187974;3.217101586;0;0.584546489;1
0.811323673;0.325945297;5.077822265;0;0.040308631;0.85515632;0.312202192;7.582086083;0;0.303429687;1.457973929;0.648997522;9.2408322;0;0.112448449;1.499094183;0.007848302;2.02087672;0;0.423517422;1.002183457;0.17257878;2.284895344;0;0.351148361;1.60901869;0.010118839;0.115877889;0;0.227347585;1.073465472;0.050943504;9.170693359;0;0.254368338;1.307613927;0.10478181;0.160600885;0;0.010734233;1.745683812;0.305967013;7.74941448;0;0.37485042;1.28259205;0.668229575;3.118897404;0;0.312962751;0.811527695;0.475948793;3.770376903;0;0.002300907;1.405625311;0.300905237;4.735832795;0;0.232975247;1.541372595;0.091205978;4.961259005;0;0.037929575;1.85339161;0.697197286;4.470145395;0;0.288425465;0.885501975;0.067997387;4.459313017;0;0.225644276;1.483478031;0.363623949;7.798299392;0;0.34290611;1
0.999160472;0.066128743;2.189635217;0;0.325281528;1.015661462;0.64446911;2.841302553;0;0.491842086;1.958798668;0.479634267;8.570059667;0;0.396913269;0.777934186;0.211751769;2.704914195;0;0.209024122;1.869074437;0.277449855;2.049496086;0;0.04029514;0.881534148;0.455287237;7.489435658;0;0.104971816;1.42033975;0.280442737;5.662491905;0;0.00654262;1.073822037;0.252686608;4.961771791;0;0.599072392;1.476523738;0.470071053;1.524026325;0;0.514288999;0.941293236;0.516253514;7.757741972;0;0.269979684;1.845614494;0.269852896;10.08859785;0;0.592270482;0.739378115;0.404900398;1.232125875;0;0.394626471;1.507451357;0.207045562;10.62476416;0;0.404520538;0.907779314;0.272041712;1.970794985;0;0.135280102;0.97865122;0.244645132;7.627423693;0;0.270027229;1.991387002;0.410827062;9.000898522;0;0.526132567;1
1.462867867;0.006859838;3.511849054;0;0.198186706;1.225253397;0.609618894;8.348314331;0;0.525139147;0.828713084;0.613233581;2.607569019;0;0.005927016;1.507082563;0.040888566;4.940742857;0;0.519003748;1.371728256;0.690281912;1.609459342;0;0.511822966;1.940606175;0.248918543;3.82926992;0;0.132304061;1.398006619;0.558922838;5.16622626;0;0.271142811;1.36814286;0.431903055;9.951880716;0;0.36436145;1.913256005;0.561237717;8.757944729;0;0.594009708;0.998831822;0.037427693;3.514736124;0;0.479179424;1.033119359;0.450537339;6.666454142;0;0.575632134;1.206089757;0.227302493;8.43457538;0;0.546937631;0.860986372;0.343198057;4.315691434;0;0.010828839;1.528882872;0.343356746;8.465369603;0;0.25395554;1.634006858;0.255619501;11.03554812;0;0.447406373;1.248155412;0.615098103;3.329737193;0;0.320470266;1
0.717168282;0.484753393;5.217515249;0;0.128775629;1.293069199;0.628715964;10.3708362;0;0.049008929;0.793901283;0.668907504;0.396293209;0;0.544057423;0.818759026;0.141346868;1.941668271;0;0.450534735;1.660215198;0.139419539;5.708480112;0;0.070628153;1.648797235;0.144343563;1.299733498;0;0.18113411;0.905799868;0.179452613;5.711271762;0;0.010356803;0.84180908;0.303664607;7.380175486;0;0.163466846;1.146721076;0.083799652;2.550759779;0;0.315403282;1.608588502;0.604149658;0.864529745;0;0.345810149;0.877148216;0.067147749;8.21498181;0;0.372581187;0.710478277;0.436783211;3.538209978;0;0.176012087;1.879343441;0.06964785;1.466295796;0;0.395703197;1.861780715;0.006786776;6.192853873;0;0.197211571;1.034956837;0.284523349;3.244249988;0;0.589107654;0.845086607;0.078718736;7.330470871;0;0.552000683;1
1.50901008;0.218657252;11.81133931;0;0.132329617;0.938808571;0.581832086;8.817946457;0;0.122303761;1.741368282;0.034444638;10.73619641;0;0.255584637;1.529284597;0.521982471;0.509262555;0;0.565812449;1.452283767;0.523436233;5.868124088;0;0.078938054;0.828014369;0.102828913;5.247073243;0;0.573536322;0.8751245;0.326908519;2.605727359;0;0.078169424;1.523489151;0.194572354;2.016458525;0;0.347690771;1.190628005;0.428444891;1.734268609;0;0.45144238;1.553505521;0.029729337;11.15220732;0;0.312985395;0.979121448;0.034013803;4.314993874;0;0.135875739;1.00022487;0.55461756;1.310149697;0;0.552229566;1.858223363;0.233606911;0.659108862;0;0.504325529;0.781756641;0.088359148;11.21318605;0;0.178628015;1.631879935;0.296680365;1.565643062;0;0.307208767;1.596179196;0.628083528;9.28711443;0;0.453557742;1
1.171795417;0.500789553;6.718669795;0;0.543922497;1.344282048;0.162003721;3.326796265;0;0.540138863;1.627308306;0.254958341;9.957238904;0;0.46519279;1.309660201;0.435923088;10.34412779;0;0.587011077;1.175097773;0.536908748;2.708251129;0;0.081214432;0.869834444;0.127513451;5.545863401;0;0.455816639;1.805970495;0.380434743;10.67345545;0;0.587467467;1.311153136;0.258285236;3.149102627;0;0.184545742;0.701938327;0.61825614;11.73732482;0;0.098091997;1.350806962;0.479414066;6.135784021;0;0.339646548;1.022052992;0.459059737;6.229884146;0;0.5030406;0.73703304;0.452956133;10.99442854;0;0.203484374;1.264721396;0.225028506;4.030636146;0;0.5135307;1.227350047;0.148595412;2.74883535;0;0.188973382;1.141371077;0.589756461;0.678114884;0;0.520283754;1.372037773;0.698863138;0.035498969;0;0.182986804;1
1.232291893;0.403223363;1.883775907;0;0.567915786;1.361489485;0.664636792;5.74518955;0;0.053428059;1.414653487;0.675571904;7.733120456;0;0.402882247;1.306408746;0.477494766;11.18696051;0;0.219972193;1.873394865;0.073144793;4.34509172;0;0.303376742;1.924668988;0.63342812;4.994823774;0;0.210326225;1.228274779;0.377307042;10.9972275;0;0.033026943;1.071035622;0.544791625;3.035594379;0;0.344700036;1.210726731;0.200864552;8.875922644;0;0.284039266;0.894745274;0.259179721;10.18780175;0;0.500660687;1.486864358;0.280311515;0.929489143;0;0.048035936;0.841265391;0.185110546;0.90734588;0;0.519400369;1.621049398;0.38890039;6.239700308;0;0.242994195;1.618175106;0.69095336;6.79803345;0;0.309399621;1.904915203;0.618547168;2.002697818;0;0.169596154;1.685718712;0.660212382;11.15188277;0;0.289619893;1
1.11310859;0.25287778;2.189397154;0;0.063199274;1.17498855;0.190799222;4.767874996;0;0.315645664;1.386174323;0.404985933;8.032910136;0;0.448572712;1.950744157;0.179195411;3.47021718;0;0.529578354;1.145299576;0.501387525;8.705028295;0;0.023645473;1.161517153;0.622264902;11.49884176;0;0.268203011;1.737247793;0.13237321;10.99515309;0;0.108867331;1.434394144;0.698934411;5.223188511;0;0.530892211;1.56065499;0.660592947;3.484982265;0;0.493706045;0.950453073;0.140391819;3.814290729;0;0.168768654;1.276600325;0.314275063;8.059376676;0;0.017740161;1.635033884;0.124488877;11.66390111;0;0.531590599;1.861748671;0.109973736;8.1989086;0;0.309004522;0.700844738;0.546132409;7.103813594;0;0.198954212;1.627668563;0.105342611;10.42233041;0;0.190214649;1.367688521;0.433492544;6.304478246;0;0.513387148;1
1.448833476;0.062918022;4.223388944;0;0.528128019;0.949861731;0.273573066;8.285308651;0;0.406466171;1.440775145;0.323098608;3.294935554;0;0.155649181;1.09399743;0.127040455;6.150041997;0;0.410784809;1.374873632;0.486465917;4.142676239;0;0.030729915;1.080589565;0.149388593;2.242371978;0;0.096314284;0.8666921;0.133321812;5.448501295;0;0.481053974;0.714123058;0.535356171;7.835383102;0;0.146207091;1.513079519;0.636393294;4.417960401;0;0.379321866;1.194021977;0.514324211;3.239681722;0;0.011577419;0.707896218;0.007512477;2.293747277;0;0.311051345;0.80295893;0.107634509;9.50432659;0;0.26499538;1.976498467;0.114449112;2.553730872;0;0.394024968;1.621666576;0.379316283;11.46020678;0;0.510368158;0.813162736;0.275156083;9.424844021;0;0.136678976;0.787576526;0.474810158;6.854897148;0;0.232659036;1
1.537252318;0.633080731;11.17004294;0;0.568769723;1.944286774;0.306736501;0.334369321;0;0.183545109;1.725080605;0.537200724;5.82575495;0;0.592382338;0.782173746;0.531941974;6.945286322;0;0.189466038;0.883035548;0.03475157;5.406536578;0;0.174935558;1.725874128;0.698351096;6.146170487;0;0.579414549;1.721034003;0.691067375;0.124414124;0;0.398522603;1.4122017;0.454179228;8.804175233;0;0.209654563;1.171348957;0.446679313;4.404540601;0;0.572612242;1.967162084;0.504530188;1.773470982;0;0.381628203;0.964344468;0.589592168;5.743579915;0;0.26903448;1.777803139;0.046464593;6.253467742;0;0.112602553;1.567896061;0.335280778;4.768764769;0;0.066448349;1.96154336;0.113549168;7.693563825;0;0.078116827;1.518863348;0.595698894;2.790209053;0;0.477487383;1.609342299;0.207289299;11.75267336;0;0.097500779;1
1.96384036;0.041482353;5.897308967;0;0.200939194;1.648625614;0.578166404;6.967581783;0;0.192585363;1.105904937;0.335429938;0.331315579;0;0.449900504;0.980740757;0.099006441;9.367221816;0;0.282446771;1.24955692;0.6235199;11.88300324;0;0.491667096;1.57589947;0.423147138;4.889617923;0;0.457985418;1.647215107;0.052325968;2.198634004;0;0.027258076;1.682700569;0.434610128;8.050941433;0;0.481679952;1.868888203;0.047251164;1.227506417;0;0.279553438;0.994153086;0.255582081;11.39577374;0;0.44106635;1.456583442;0.5141118;6.118163975;0;0.572966842;1.485389347;0.559680619;10.03568724;0;0.491988882;0.972562215;0.401421828;10.23891264;0;0.373547539;1.906959371;0.460329785;6.417002114;0;0.313383121;1.804238389;0.454881622;6.087186626;0;0.482487857;1.66025388;0.225164976;5.899317874;0;0.526399831;1
1.816898999;0.478801976;3.201676734;0;0.292162974;1.305477306;0.14774999;5.904746725;0;0.364181055;1.475796749;0.373978285;4.269721856;0;0.309367915;1.707770812;0.294661682;2.244403737;0;0.417214392;1.281900426;0.320524511;4.598693529;0;0.095716804;0.939998882;0.352543651;1.952088769;0;0.474840588;1.624369119;0.522305643;11.13385806;0;0.375452479;1.438544712;0.078507541;11.34669526;0;0.071782715;1.450093312;0.374874024;1.144313377;0;0.12022895;1.341970425;0.291571312;0.424526174;0;0.465214614;1.182190671;0.252839816;9.08114853;0;0.570252137;1.84989924;0.154226422;6.909180321;0;0.302406496;1.661961656;0.359134191;3.210379037;0;0.099278501;1.192721063;0.563196831;10.68386594;0;0.453005375;1.622462928;0.498886623;5.38911873;0;0.135538703;1.030083083;0.149940199;6.204114419;0;0.351966191;1
1.658074382;0.520697489;10.63179935;0;0.102332974;1.701031101;0.556419684;11.09118988;0;0.069045157;1.774532151;0.25662421;9.610049533;0;0.215570257;1.766369577;0.408952634;11.23861724;0;0.069730787;1.969922926;0.107372463;8.006826349;0;0.356453287;1.422165873;0.097183083;7.111331695;0;0.060524855;1.7742507;0.266683385;1.061902818;0;0.146408437;1.259188023;0.157973282;0.562961763;0;0.30415889;1.623763709;0.078247165;6.356682334;0;0.123025499;1.007869894;0.436000957;2.611927803;0;0.415970356;1.962073445;0.372129831;2.382635287;0;0.023291501;0.932501646;0.496014081;8.737812281;0;0.291208416;1.28572749;0.024231727;4.839664372;0;0.040437117;0.740714493;0.160214333;6.597896854;0;0.355969187;1.952967091;0.545608138;3.611727331;0;0.503941164;1.954244773;0.200766039;7.286568924;0;0.46953116;1
1.943343194;0.539223757;7.745216469;0;0.594538224;1.702966487;0.099479553;9.889891523;0;0.190390016;0.71351722;0.276438849;11.15289372;0;0.375018119;1.267583733;0.420524367;2.372706496;0;0.014772977;1.130700267;0.546817149;8.125019711;0;0.425208121;1.157957601;0.194331388;8.357644235;0;0.158825693;1.01979915;0.125949428;6.196843464;0;0.033720374;0.972928859;0.693319529;7.025228063;0;0.035053598;1.975374912;0.184959018;2.888554696;0;0.286730492;1.425964498;0.138124632;6.793068464;0;0.343984027;1.839673643;0.289829134;0.15323875;0;0.365367348;0.76847865;0.111895634;11.39354985;0;0.528019451;1.306852911;0.335172987;9.958613568;0;0.064177767;1.712840453;0.217098633;6.95302867;0;0.386258096;1.169685002;0.382377911;10.11569427;0;0.292551809;0.760721199;0.349451721;4.140609319;0;0.03013695;1
0.778760689;0.566108773;9.105646183;0;0.333095741;1.844129273;0.362737372;2.976960582;0;0.109688919;1.51802633;0.540692006;7.017931303;0;0.062570267;1.339730069;0.420786448;8.109446878;0;0.109164456;0.964157857;0.130545586;5.755125983;0;0.187832446;1.548799646;0.202356955;8.51217574;0;0.469786141;1.466975074;0.060321025;0.147895112;0;0.237175435;1.642979332;0.20507671;5.396688189;0;0.324014178;1.358071491;0.312361395;4.006126068;0;0.222022766;0.871906023;0.33893055;9.475685872;0;0.296453893;1.408755833;0.178068226;4.007736611;0;0.120150888;1.769959895;0.026392186;4.388080175;0;0.111204756;1.987218862;0.048757344;9.345808191;0;0.517390875;1.79930891;0.222985732;3.117176856;0;0.024631251;0.7357472;0.473655998;2.661957688;0;0.179821978;1.658034459;0.048593687;0.479433378;0;0.493610459;1
1.262528041;0.677921701;3.697098751;0;0.054925315;1.927745903;0.18139314;7.22517319;0;0.406621586;1.351087069;0.102824115;9.793487571;0;0.075247322;1.425090653;0.649094088;10.06948485;0;0.508978772;1.016378372;0.515559069;4.513748015;0;0.36428712;0.894140356;0.066382162;8.63755645;0;0.184721152;0.700289414;0.558602942;10.37261656;0;0.506341518;0.744780519;0.170511096;8.872783651;0;0.157867238;1.919824032;0.251657906;6.349184942;0;0.596359859;1.067901096;0.409281817;7.148854198;0;0.058148777;1.633758253;0.65385434;4.900051338;0;0.221903572;1.150822452;0.352133958;3.601086324;0;0.467978657;0.963242206;0.470140227;3.417873756;0;0.350874686;0.95026497;0.475326247;2.002802974;0;0.583896322;0.820327432;0.335592676;0.72365816;0;0.297604507;1.225096427;0.072931124;7.175764987;0;0.38743893;1
1.53915702;0.340098756;11.06404086;0;0.111816515;1.782711141;0.261948771;6.52262436;0;0.351427252;1.828007884;0.448226907;8.290076676;0;0.255623776;1.397350274;0.237090451;10.61744467;0;0.559468497;1.179423621;0.128192854;3.065347342;0;0.13875613;1.7291456;0.515246589;3.551148707;0;0.287546417;1.077446924;0.37389388;9.752638409;0;0.432601283;1.708409931;0.081446175;8.881386389;0;0.398171739;0.896207691;0.068805053;10.547923;0;0.430960042;0.715551334;0.635165135;10.66082091;0;0.076047625;1.579433734;0.051086948;7.220090158;0;0.596793951;1.022361223;0.517158795;3.737318993;0;0.592134994;1.040422972;0.403788368;8.791959496;0;0.176894283;1.322500415;0.103022804;1.373563689;0;0.094860598;1.487252406;0.108715405;4.783763708;0;0.321253928;1.55928374;0.632165905;4.570215146;0;0.146092765;1
1.802906225;0.145954129;8.69693292;0;0.201411547;1.300380932;0.039269757;5.291581646;0;0.535621043;1.911027776;0.207408538;0.454501268;0;0.00118575;1.422725448;0.106635034;10.97769382;0;0.283835708;1.836050221;0.670061914;4.951656503;0;0.136858385;1.902092908;0.31898135;2.914780478;0;0.562318382;1.548212032;0.42243231;8.081714348;0;0.279483572;1.020354765;0.066562564;0.839570977;0;0.289968238;0.900459617;0.422954923;8.218716393;0;0.143821825;0.984148219;0.591670497;10.68256036;0;0.129911353;1.980053981;0.237942127;9.652318308;0;0.249017846;1.856262714;0.433612382;4.187095615;0;0.55834617;1.112120257;0.478824164;11.25489804;0;0.124109263;0.707014036;0.650743294;8.386666385;0;0.376550295;0.736515711;0.201352716;0.352939745;0;0.192896326;1.345769113;0.615907683;11.18247903;0;0.30984807;1
1.066272608;0.659503774;8.875063261;0;0.362799642;1.263830011;0.304970594;0.79889742;0;0.080402524;1.020710758;0.118188478;4.317686489;0;0.197859825;1.073207138;0.399703679;3.869456595;0;0.560678561;1.956607872;0.535184547;0.50500272;0;0.051401724;1.223545526;0.237026124;4.972346434;0;0.136439852;1.82253227;0.050598483;10.74172737;0;0.386871711;1.787178609;0.387657161;0.692266566;0;0.354399362;1.058086862;0.671474709;1.561642855;0;0.032344037;1.850025774;0.69555396;8.743256387;0;0.123291029;1.989318201;0.079274421;3.376329618;0;0.29661619;1.917971344;0.595214461;10.26350219;0;0.082294861;0.958692522;0.057712351;8.613972267;0;0.564753152;1.112433686;0.640310678;11.75712285;0;0.258971025;1.75692523;0.367427966;9.230774902;0;0.548393566;0.864611303;0.654687552;3.615530692;0;0.286211837;1
0.862413821;0.559148054;2.163066733;0;0.065925264;0.839402618;0.336824533;4.848352568;0;0.454797338;1.318890908;0.377892437;10.90640474;0;0.253583922;1.2134796;0.185822146;0.495675031;0;0.524310064;0.745444517;0.290792631;1.352259661;0;0.495390641;1.030158937;0.239537723;0.076706082;0;0.492670759;0.783662244;0.452779727;2.567691194;0;0.150566564;1.517678234;0.111900812;5.65544822;0;0.343280446;1.549500382;0.494632978;5.759990847;0;0.170432217;1.746429793;0.30651437;10.95254095;0;0.070558152;1.170487931;0.697463566;5.444308623;0;0.282746552;1.493637138;0.630994497;7.51756039;0;0.045852518;1.819785327;0.552954435;3.56082325;0;0.264065577;1.159665545;0.536465605;7.47128462;0;0.052180521;1.86742441;0.516819722;1.629562857;0;0.185970298;1.278633936;0.042655636;8.322478631;0;0.212847788;1
0.841496887;0.033299325;6.238216924;0;0.406787754;0.89656283;0.666963483;4.483228604;0;0.473582466;1.807006167;0.553332812;11.73254388;0;0.417810599;1.970503193;0.213066517;7.869034144;0;0.563447071;1.937918659;0.453140418;9.896592986;0;0.251087228;1.828628772;0.203997912;5.775499277;0;0.153160293;1.55734994;0.6157516;2.456196991;0;0.052757869;1.7078946;0.477839122;10.30331807;0;0.405618621;1.432947413;0.140503562;3.35411697;0;0.482232772;0.998742876;0.692458478;4.855517397;0;0.506708105;1.13044553;0.326373191;11.30546236;0;0.389071441;1.924037087;0.117857452;11.10805334;0;0.302391928;1.665883576;0.024945086;5.541391417;0;0.34335703;0.959888026;0.249285242;4.593970483;0;0.332787586;0.967710069;0.526173695;8.595882723;0;0.010507108;0.896648867;0.076869034;1.307969693;0;0.020280766;1
1.296683998;0.172475745;5.981617473;0;0.277850522;1.130849947;0.552715319;6.520032314;0;0.537590773;1.356783484;0.259812184;8.373771276;0;0.132126107;1.651905208;0.479084799;4.098900684;0;0.271038489;0.955554283;0.43717578;3.840036478;0;0.120713843;1.577319229;0.107540404;1.166604849;0;0.149764695;1.488608908;0.469495668;2.824874176;0;0.560337948;0.832014491;0.289300943;5.70596335;0;0.403758173;1.938338203;0.42688163;10.29563677;0;0.176893067;1.202210515;0.024047289;2.421430191;0;0.085043101;0.702573976;0.279452422;6.127934998;0;0.068493754;0.809411877;0.520497059;8.824398728;0;0.375574196;1.117913807;0.608042875;9.584270601;0;0.553417201;0.709667104;0.314138851;1.325177217;0;0.35375535;1.81910509;0.467509335;11.72791166;0;0.278943407;1.641402845;0.02400579;3.486305088;0;0.248494246;1
1.875497915;0.219681517;6.170759316;0;0.467229496;1.802111406;0.662848308;0.868348777;0;0.136802248;1.217572077;0.220369586;9.584970699;0;0.093931489;1.406560738;0.407692607;2.565940293;0;0.488329472;0.78770153;0.360904794;8.567995124;0;0.433838889;1.48933524;0.044550169;5.031468966;0;0.464112846;1.744097752;0.295865834;0.76443096;0;0.036016392;1.769767822;0.621738369;11.75299926;0;0.35010788;1.210540786;0.033523835;6.543725712;0;0.538935719;1.038079479;0.297996225;2.939319943;0;0.524883482;1.073881004;0.313212628;2.672349037;0;0.157479467;0.970521942;0.364994368;2.481216397;0;0.029660493;1.285203371;0.108736139;9.412971833;0;0.173738183;1.398600287;0.199681969;0.819004358;0;0.53303165;1.593693803;0.337797486;6.388322249;0;0.571761355;1.934376528;0.433959838;4.615976792;0;0.578357978;1
1.504076646;0.02599929;9.489718253;0;0.360734728;1.054354388;0.365765955;11.68574326;0;0.10717933;1.653434984;0.429584129;11.47937266;0;0.353715956;1.197023214;0.450338573;11.86734817;0;0.436592838;1.295703316;0.195913187;5.560713436;0;0.269348264;1.699630457;0.59586826;11.9505636;0;0.251429107;1.506187399;0.599679309;1.145684632;0;0.573091346;1.637782186;0.036088461;10.82966523;0;0.161360355;0.700258032;0.405691374;7.816239192;0;0.49471595;1.614042533;0.183260953;1.78709869;0;0.269689036;1.379308672;0.227376885;0.742421999;0;0.474190906;1.411661401;0.319241719;6.132772915;0;0.337025962;1.70006312;0.689788387;7.765499658;0;0.448958701;0.908748583;0.508454751;10.37308269;0;0.591106058;1.286829329;0.270480683;3.001285551;0;0.551747243;1.587564943;0.32746706;11.22937047;0;0.355983609;1
0.707746623;0.459225949;10.53324918;0;0.508562875;1.780901852;0.19580817;1.489684597;0;0.239873751;1.963565982;0.611875996;1.465937087;0;0.117660846;0.832953263;0.519237796;10.16232635;0;0.045602839;1.918742848;0.49217168;8.334810402;0;0.200108536;1.032930072;0.32155622;6.805179963;0;0.417022111;1.146293348;0.312122136;0.309156592;0;0.404536794;0.959030695;0.126024068;1.242571604;0;0.273216576;1.714524307;0.215458836;10.85045432;0;0.059662189;0.806139771;0.120022266;4.344990191;0;0.114643826;1.240951197;0.362084722;1.023977376;0;0.213740085;1.274952536;0.04271154;5.635815733;0;0.110184025;1.351858371;0.642905874;8.911456768;0;0.592148553;0.959807138;0.373569984;6.212313453;0;0.177452757;1.098740717;0.653499949;4.276891955;0;0.376922353;1.648038672;0.685560858;9.823369872;0;0.011760879;1
1.878785232;0.618503713;4.085281269;0;0.184596882;1.101113229;0.678098545;7.01451122;0;0.031980465;1.037116143;0.513679365;0.240394759;0;0.580555583;0.815860194;0.447362248;9.455705772;0;0.333353173;1.476334894;0.627996935;9.059223065;0;0.448086673;1.39461937;0.220550617;3.582055071;0;0.393993157;0.720157436;0.026515282;4.319212534;0;0.139932617;1.637586957;0.517057641;9.020836772;0;0.027583561;0.7418561;0.39199399;8.878735067;0;0.135720934;1.783562112;0.453228033;4.801017358;0;0.421782164;0.725547452;0.35779438;7.664761354;0;0.073307937;1.61438318;0.487424093;4.158962848;0;0.205801547;0.792882619;0.330780473;11.9942557;0;0.003177145;1.601687411;0.032544383;11.35333537;0;0.362812441;1.592928904;0.037836792;0.383011386;0;0.335559441;1.351677251;0.693413201;4.036217333;0;0.10071936;1
0.413699197;0.418317987;0.402989031;0.233490735;0.166370634;0.136245177;0.074833978;0.234936694;0.655695408;0.197151386;0.650996896;0.504376418;0.687270683;0.62458194;0.38611069;0.114999534;0.161789604;0.043747631;0.471135628;0.28404611;0.606758534;0.098336627;0.541409075;0.017709949;0.588648364;0.203723953;0.566025271;0.607201276;0.573893874;0.247907922;0.679327898;0.227647106;0.282670618;0.352526776;0.503498856;0.260571701;0.360601975;0.162610926;0.451833308;0.505888968;0.558527145;0.578329544;0.017052476;0.090337415;0.260901614;0.165968293;0.641318595;0.259489214;0.203649171;0.206029115;0.192182181;0.595447056;0.382186782;0.408099886;0.215864421;0.632642224;0.675122616;0.113673223;0.538096706;0.672753805;0.260046342;0.574958534;0.063721857;0.442631579;0.175506869;0.071291287;0.188974734;0.182394832;0.487726833;0.652343829;0.190307212;0.546896676;0.238907546;0.419146566;0.502814507;0.50193062;0.085687204;0.007012987;0.064548149;0.293335859;0
0.253512374;0.583510042;0.106490877;0.391731377;0.218588538;0.444623904;0.691446206;0.329128405;0.437729821;0.282126995;0.553809074;0.565102538;0.246841138;0.124221971;0.162716675;0.147302859;0.602406123;0.075713118;0.584606692;0.229549585;0.215518022;0.164638276;0.108816057;0.020408094;0.378895166;0.356255715;0.45296763;0.682987194;0.591176929;0.550372686;0.607621546;0.072928765;0.4815902;0.451522801;0.566610595;0.534581944;0.076028042;0.640213538;0.541256003;0.460634113;0.096088288;0.085737647;0.375831247;0.688625096;0.558817096;0.46389662;0.514760604;0.377722733;0.258913965;0.169678943;0.30970954;0.471138921;0.516678498;0.131344609;0.450095649;0.654491903;0.10688921;0.331104799;0.113677934;0.638347363;0.01868241;0.698908704;0.327507815;0.636701622;0.235806924;0.095243167;0.344534892;0.551073367;0.278007822;0.456133972;0.687281753;0.445595278;0.620407577;0.43258093;0.320986433;0.023147023;0.552281714;0.09523149;0.251344186;0.627452711;0
0.657484265;0.542230138;0.40991217;0.487478058;0.139619331;0.038932994;0.573494931;0.548181533;0.341655085;0.443097233;0.348910509;0.598750143;0.420225415;0.573207969;0.067040193;0.424774273;0.245287337;0.62952744;0.305632986;0.250835829;0.366019417;0.310355113;0.461848524;0.086313014;0.43857464;0.000554368;0.38335023;0.435279982;0.056889494;0.012204963;0.479464549;0.346002461;0.11508715;0.411681699;0.696769021;0.349325279;0.223960983;0.083536714;0.453614422;0.48759369;0.66177484;0.532891259;0.698843069;0.625108688;0.644960371;0.392670862;0.203192485;0.180005196;0.288109388;0.075118611;0.314478595;0.051075838;0.159460909;0.590069257;0.088124423;0.685936738;0.606123624;0.35915834;0.627679941;0.470980627;0.274191648;0.257910989;0.326521089;0.239030732;0.115619482;0.55843252;0.648535142;0.5458151;0.308589331;0.210379097;0.077369604;0.305771603;0.225585518;0.577222919;0.208456321;0.689064381;0.694979684;0.077785086;0.068346123;0.164620717;0
0.314057805;0.217802374;0.161257147;0.546788242;0.089912253;0.019599797;0.269735391;0.382161158;0.688806752;0.405998008;0.285045444;0.440155435;0.277728208;0.509589495;0.465540371;0.612226914;0.603061191;0.125482035;0.441532083;0.689699351;0.605828871;0.036293198;0.240915699;0.507641143;0.297573997;0.329896398;0.343230399;0.051905459;0.123561037;0.165218846;0.451262803;0.564728055;0.332875152;0.682647217;0.36452729;0.412661025;0.556212312;0.522868545;0.458306585;0.132258167;0.560272991;0.459279467;0.214554122;0.432563025;0.360049142;0.332485738;0.41520728;0.498274637;0.609106564;0.177678738;0.32829536;0.463038614;0.442157938;0.16551903;0.261338873;0.599321957;0.570694645;0.45329115;0.075581266;0.0473003;0.389613607;0.675905614;0.288331113;0.407191323;0.471697497;0.491164152;0.464798397;0.691474521;0.099094998;0.228685807;0.34390927;0.698533397;0.347983406;0.620219463;0.128906129;0.581833346;0.202797394;0.41658015;0.100480819;0.346937908;0
0.058405322;0.633455812;0.203683717;0.466436777;0.628396837;0.563294482;0.181031114;0.198966729;0.14510987;0.64147795;0.128372574;0.683655135;0.029108013;0.423119522;0.527705206;0.488598129;0.254270141;0.339553087;0.412612506;0.107680434;0.312758412;0.12517302;0.230309831;0.089627417;0.359017169;0.320529496;0.407979068;0.581605676;0.016910607;0.178246585;0.591993311;0.555772498;0.262422057;0.406973133;0.358821953;0.282605571;0.474249654;0.177054784;0.362850092;0.446276375;0.030524492;0.552928874;0.309908084;0.2002384;0.263421543;0.092500846;0.168748698;0.074797847;0.659230331;0.480869151;0.040989034;0.412213653;0.396713932;0.378397057;0.05410053;0.334432855;0.550770599;0.269427579;0.217156531;0.139014919;0.268741051;0.588699801;0.131450797;0.681502129;0.451045808;0.443560483;0.021959791;0.557607952;0.329382289;0.658517239;0.315751173;0.380570881;0.215512275;0.338860182;0.555779443;0.061656168;0.143236134;0.660305497;0.396001942;0.114531754;0
0.41879995;0.05035856;0.367131013;0.464794429;0.638916652;0.079672733;0.136887924;0.338473292;0.379616167;0.577151304;0.364501727;0.45022134;0.0578609;0.395735001;0.459793672;0.42640516;0.028375663;0.002170364;0.05383688;0.629270713;0.397378204;0.405596431;0.056986283;0.190202056;0.451428829;0.547710421;0.449446912;0.007610207;0.155713046;0.412607734;0.289345756;0.337019137;0.298670058;0.497662809;0.63966974;0.594183427;0.583597008;0.335111099;0.439120259;0.378025212;0.557392985;0.474294531;0.622661388;0.55505079;0.60942537;0.34361264;0.065622897;0.463938457;0.312487114;0.120055538;0.427744372;0.39710711;0.524152455;0.678704741;0.319014494;0.512828098;0.449547221;0.027717183;0.399951119;0.200262616;0.342627675;0.064739143;0.215690465;0.435762042;0.394853887;0.148023911;0.387142862;0.01296915;0.057988321;0.210924823;0.276626158;0.002570588;0.17622613;0.45021585;0.46238204;0.437241222;0.066640598;0.555707168;0.684859169;0.618920348;0
0.392597965;0.104234156;0.480502771;0.185321594;0.180032851;0.060656635;0.252747875;0.557292247;0.515281084;0.277420702;0.246098191;0.019149501;0.632988475;0.621708547;0.420470542;0.495343214;0.011208123;0.395377425;0.209545318;0.421488586;0.18127161;0.564458215;0.515924311;0.571738052;0.31089229;0.168672791;0.136448035;0.120897277;0.680580658;0.257843852;0.105026459;0.224374765;0.012387095;0.345947223;0.594782305;0.272173569;0.19984214;0.460481643;0.680456598;0.657674957;0.658312142;0.065579712;0.663744426;0.004233894;0.606308185;0.322796964;0.671294632;0.065923224;0.130824332;0.491913602;0.570477427;0.486477689;0.168254494;0.564533642;0.457569935;0.315501695;0.076316627;0.392314239;0.178260995;0.213586009;0.385281425;0.043773032;0.055107274;0.623273129;0.327769833;0.191113037;0.053808428;0.230770276;0.623346536;0.333186344;0.302788306;0.533149314;0.060072751;0.207987955;0.320970942;0.623198029;0.335759207;0.610472182;0.181750156;0.613905892;0
0.542795844;0.025420941;0.229908065;0.464009772;0.313712865;0.193552878;0.658808915;0.188454973;0.176597333;0.102057066;0.391301826;0.095514524;0.100645292;0.168544572;0.390108622;0.195820931;0.542422997;0.557112065;0.532723279;0.652041168;0.403213611;0.556468975;0.247605327;0.147200557;0.675821255;0.143753912;0.645920942;0.080164832;0.376088441;0.065726879;0.375572614;0.05505051;0.005984691;0.222588221;0.009115885;0.600108268;0.102426217;0.005478283;0.469376547;0.658935252;0.436896264;0.357612875;0.618290534;0.304101434;0.346666561;0.031467395;0.142881202;0.253301691;0.187182889;0.482479449;0.217228552;0.362539434;0.645919994;0.193489717;0.614720932;0.561958836;0.073242733;0.326585138;0.43375828;0.621953416;0.00206364;0.238031237;0.314910994;0.263297286;0.012434028;0.19246297;0.300761193;0.142944065;0.317924111;0.430600409;0.036888766;0.319082211;0.284476647;0.574362914;0.332784541;0.306495513;0.370958495;0.353335876;0.669926023;0.389598539;0
0.52262628;0.486170381;0.067313551;0.068040938;0.426885055;0.36463197;0.329785972;0.272719818;0.440478915;0.23076971;0.539502437;0.575710773;0.177657062;0.679128994;0.650112603;0.602471013;0.696713778;0.160830135;0.320582212;0.430843858;0.605300284;0.473500371;0.521926364;0.149728415;0.097531991;0.577082448;0.051864687;0.694556975;0.023847635;0.142102965;0.498025736;0.150748398;0.681102958;0.452014545;0.583392815;0.407963124;0.673031588;0.229271764;0.013987001;0.469606686;0.674448389;0.552837993;0.001732362;0.61091501;0.182458898;0.344089559;0.246577512;0.383600897;0.656765589;0.341066421;0.547972423;0.683554376;0.626963019;0.029176279;0.09219656;0.114595278;0.220316719;0.447965923;0.250071527;0.53338115;0.41322951;0.467716828;0.287428058;0.031950746;0.645679771;0.278589249;0.002207111;0.129642371;0.669334314;0.44034155;0.167170566;0.635300856;0.038241516;0.215090035;0.488151868;0.67122582;0.051587462;0.401927151;0.180665901;0.180828538;0
0.176131962;0.086374004;0.609930334;0.118912769;0.56383626;0.524336716;0.655939048;0.191359275;0.455817973;0.311234748;0.009683395;0.554950807;0.050158848;0.030102606;0.430056245;0.550681153;0.379395865;0.265212528;0.096702425;0.542569094;0.255895662;0.678197269;0.442535458;0.021525902;0.690365895;0.097265388;0.568681306;0.135131792;0.019038052;0.27064877;0.097146184;0.148376354;0.677769236;0.564363799;0.145620191;0.465775362;0.225077638;0.03576138;0.621036436;0.210719684;0.694310209;0.001767233;0.306813734;0.360011972;0.080748545;0.612347701;0.601908419;0.643555865;0.343402017;0.257645484;0.193984578;0.081160803;0.538084162;0.207949096;0.143524453;0.291490314;0.118241577;0.276578876;0.289531936;0.322983513;0.373841206;0.555449276;0.065614003;0.693701673;0.110661691;0.581273031;0.477711408;0.157734411;0.695953189;0.333273479;0.396548644;0.635701057;0.121068362;0.217650856;0.518998874;0.186078723;0.694067261;0.380080361;0.306932849;0.467845894;0
0.519589009;0.543000973;0.294273276;0.384209076;0.443278967;0.592342818;0.206593844;0.657935989;0.459557281;0.540128478;0.123587201;0.681771008;0.274575972;0.179523581;0.665104484;0.520121909;0.611772377;0.617494902;0.300712282;0.560608679;0.388366865;0.682459682;0.62709986;0.672107178;0.449586837;0.651907241;0.687306698;0.361589856;0.266900307;0.405522838;0.170185158;0.263728272;0.146178562;0.115633026;0.602602367;0.125305456;0.182293955;0.430478669;0.047121049;0.609031089;0.311807101;0.301823033;0.419464997;0.231589401;0.660208149;0.07251575;0.606973231;0.20367053;0.417947292;0.313733283;0.586575747;0.426262881;0.648503635;0.054287766;0.402652429;0.302904349;0.545809716;0.241701167;0.555107195;0.630752707;0.2068024;0.519625394;0.134922049;0.074083215;0.012570574;0.040130409;0.649784379;0.684516182;0.40667699;0.370773693;0.530810589;0.130156821;0.533422907;0.23127744;0.475451887;0.643189787;0.009642321;0.044579134;0.692028641;0.27286849;0
0.433728572;0.298424603;0.382551472;0.019464923;0.190545826;0.317332161;0.179361103;0.264897329;0.224536079;0.659681811;0.467217516;0.113052762;0.227896894;0.252331582;0.611789751;0.430770541;0.64502225;0.107305436;0.156813085;0.40533885;0.49551812;0.244039575;0.076392615;0.419907612;0.429160515;0.372023436;0.21564197;0.1027235;0.384370802;0.222504271;0.004412578;0.060618046;0.592857561;0.536826336;0.119786972;0.696599401;0.242213616;0.35197539;0.042083112;0.58782586;0.24502784;0.52683168;0.049497818;0.513328641;0.460204975;0.185713926;0.500908485;0.05397272;0.415525;0.354358783;0.555126179;0.313227938;0.641141517;0.619695357;0.513006835;0.060908476;0.229506868;0.009396613;0.051094342;0.227219981;0.573556395;0.118648072;0.113154728;0.301888673;0.671776955;0.519119274;0.612237514;0.233334948;0.407673085;0.312308346;0.668470909;0.115691501;0.202331528;0.482568031;0.302961599;0.664154403;0.242193304;0.06915361;0.195177898;0.480562232;0
0.594335266;0.270765753;0.001397816;0.236527247;0.263207154;0.299845799;0.300980825;0.127539389;0.134524562;0.647966075;0.41681245;0.395697335;0.679632265;0.363511054;0.460288165;0.574490907;0.319535974;0.087888399;0.093344171;0.387655611;0.62931871;0.045656548;0.197615182;0.566349683;0.561134788;0.348886362;0.211995355;0.520617368;0.295486489;0.518321245;0.37518169;0.092552442;0.46934197;0.532076048;0.267577943;0.114341699;0.578561784;0.021307722;0.373155037;0.029880828;0.466762389;0.282436241;0.290291206;0.082164701;0.570414047;0.31765009;0.267081344;0.52800059;0.404963178;0.604871911;0.063658075;0.002164818;0.042082885;0.227696044;0.609322151;0.171714757;0.442604579;0.125829576;0.11307455;0.01951728;0.192254668;0.638934537;0.651866562;0.201410362;0.62521873;0.150447861;0.16502935;0.372419632;0.139987599;0.20176577;0.517092575;0.247188222;0.359253178;0.536800585;0.471071163;0.188750576;0.074305014;0.078767362;0.518795526;0.594952648;0
0.204197525;0.47937781;0.009724161;0.488462331;0.210745189;0.58707983;0.076472526;0.536991806;0.345777084;0.27890371;0.034436173;0.657504404;0.012650592;0.610863295;0.16597853;0.153324856;0.06080376;0.278885453;0.251700577;0.64508011;0.235656367;0.026760233;0.004913826;0.558372111;0.669461031;0.60601598;0.384818671;0.308961916;0.023943175;0.498419743;0.02928424;0.68307427;0.583164112;0.498789964;0.309068771;0.317112259;0.514532541;0.117310366;0.475005672;0.498847945;0.272147747;0.283823547;0.297918626;0.210941784;0.517934663;0.366359794;0.389560609;0.514552038;0.330005431;0.464351982;0.482054516;0.554042961;0.51766574;0.32732669;0.113663902;0.009850617;0.185275805;0.401193105;0.151828753;0.377215057;0.324550062;0.074063505;0.297247318;0.673959446;0.056476017;0.068234942;0.291119077;0.626717387;0.641109256;0.600785673;0.249361157;0.226280639;0.187903523;0.473061108;0.562911729;0.502322418;0.194229923;0.506515089;0.466584946;0.178243565;0
0.412914627;0.34852113;0.057876052;0.393233103;0.137597009;0.362261849;0.594590329;0.351963882;0.60734031;0.518531815;0.536828865;0.698365324;0.137338945;0.595954147;0.658808332;0.11620174;0.645813398;0.011772921;0.300893008;0.243568758;0.606221956;0.010436431;0.322004337;0.39095952;0.645987122;0.619801931;0.516034833;0.487201796;0.672301348;0.000411272;0.008140057;0.551219471;0.005028809;0.510847467;0.39505083;0.462649314;0.392333702;0.414177256;0.057770266;0.120173136;0.575341472;0.635713107;0.428406611;0.373344796;0.055350113;0.00217537;0.007699042;0.44594691;0.49334095;0.09265243;0.682530368;0.472876273;0.698373402;0.594699474;0.068934125;0.521363263;0.336800125;0.245893126;0.261399673;0.303481187;0.441754846;0.368424273;0.559066895;0.053371934;0.357753543;0.302502737;0.385800225;0.014915344;0.089170395;0.317906145;0.533345686;0.570605854;0.696344304;0.02611921;0.006529503;0.181448734;0.518623515;0.630860445;0.293089117;0.435657111;0
0.584202875;0.059163746;0.616161724;0.466407316;0.028720746;0.374174059;0.479992192;0.098828437;0.203009803;0.452113786;0.492437533;0.023869222;0.530492406;0.537223856;0.641342311;0.657073239;0.247920844;0.034425131;0.199148004;0.128103495;0.036018218;0.678810301;0.477332113;0.433858877;0.305612413;0.368510385;0.642633034;0.619058784;0.19646973;0.159760356;0.083622296;0.653396911;0.615595444;0.21852815;0.34082607;0.489699295;0.425874509;0.607088982;0.389425542;0.319428966;0.199744489;0.495380472;0.18983257;0.093179081;0.072670502;0.452403397;0.542051234;0.199372759;0.151048662;0.088576502;0.078004423;0.358004553;0.194727854;0.503792087;0.647970768;0.670684229;0.389812264;0.620288701;0.017383557;0.064401426;0.612144539;0.357277274;0.13644005;0.09265477;0.673727162;0.122264428;0.312818028;0.509566306;0.680907834;0.126502218;0.313005861;0.513919917;0.013510476;0.15170192;0.534289153;0.17713097;0.032015512;0.117566726;0.20882592;0.174140761;0
0.388344933;0.599329996;0.11144669;0.372801046;0.484384565;0.082628403;0.437626378;0.643085873;0.203056174;0.146302677;0.103638781;0.267306115;0.356287408;0.198383263;0.009492264;0.57183753;0.098627671;0.381590577;0.247311238;0.298038181;0.153389159;0.477466962;0.493032445;0.44879107;0.071830934;0.177559933;0.227104445;0.217271473;0.405538026;0.283871634;0.435394014;0.220926579;0.154622671;0.327847449;0.51267919;0.671534924;0.013940134;0.682908249;0.383866945;0.063131184;0.69420415;0.156710295;0.089715306;0.615420598;0.151170995;0.367187309;0.432016786;0.571412384;0.414830037;0.09588909;0.071163854;0.371836048;0.573936253;0.11810939;0.573459932;0.349079229;0.664842789;0.48302584;0.08177248;0.546404685;0.29435931;0.494001958;0.52948294;0.608850979;0.603504829;0.250886217;0.045770735;0.170251505;0.054485794;0.345361502;0.234919173;0.538998347;0.353841583;0.574738563;0.304022745;0.346818047;0.276314173;0.362827149;0.163044523;0.061556207;0